sampling,nk,eta_eV,matsubara_index,omega_eV,refine_factor,shift_grid,num_kpoints_total,num_fs_cells,num_refined_points,refined_area_fraction,sigma_xx,sigma_yy,sigma_xy,sigma_yx,sigma_xx_std_over_shifts,relative_std_over_shifts,delta,relative_offdiag,relative_eigen_split,sheet_conductivity_xx,reflection_dimensionless_xx,relative_change_vs_largest_nk,relative_change_between_last_two_nk,eta_relative_change,min_abs_band_energy_on_mesh,points_within_eta,points_within_omega,points_within_kBT,fermi_window_weight_sum,estimated_mesh_energy_resolution,fs_sampling_status,convergence_status,diagnosis,notes
uniform,48,0.0001,1,0.016243290521934156,1,4,2304,0,0,0.0,(26.750421497416184+0j),(26.750421497416085+0j),(4.60924378709108e-15+0j),(4.723301855636543e-15+0j),0.0,0.0,(1.8593348709668477e-15+0j),2.467100988682213e-16,3.7186697419336955e-15,(0.006511413207625555+0j),(2.453046740123321+0j),0.26185811136212434,0.33396660509763537,0.006039361926155433,0.0004668978528986863,0,152,48,2.554164868259167,0.001913420195709059,warning_fs_underresolved_eta,warning_high_nk_not_converged;requires_triangle_or_contour_integration,ok,normal-state FS-adaptive BZ integration prototype only | uniform midpoint mesh baseline | adaptive sampling changes quadrature only and does not alter the Kubo formula | not a Casimir calculation
uniform,48,0.0001,2,0.03248658104386831,1,4,2304,0,0,0.0,(13.508560340256357+0j),(13.50856034025637+0j),(2.2410326518826934e-15+0j),(2.2430927418895343e-15+0j),0.0,0.0,(-4.602451172663517e-16+0j),2.3472196358307253e-16,9.204902345327033e-16,(0.00328816569204519+0j),(1.2387516925527975+0j),0.2605462474098419,0.33226327153714935,0.003017480734237518,0.0004668978528986863,0,320,48,2.554164868259167,0.001913420195709059,warning_fs_underresolved_eta,warning_high_nk_not_converged;requires_triangle_or_contour_integration,ok,normal-state FS-adaptive BZ integration prototype only | uniform midpoint mesh baseline | adaptive sampling changes quadrature only and does not alter the Kubo formula | not a Casimir calculation
uniform,48,0.0002,1,0.016243290521934156,1,4,2304,0,0,0.0,(26.58886602031608+0j),(26.588866020316047+0j),(4.4259872341003314e-15+0j),(4.691399926751962e-15+0j),0.0,0.0,(6.012746667114996e-16+0j),2.4257135949979614e-16,1.2025493334229991e-15,(0.006472088426613956+0j),(2.4382319030379405+0j),0.2618499849573659,0.33395605407985907,0.006039361926155433,0.0004668978528986863,0,152,48,2.554164868259167,0.001913420195709059,warning_fs_underresolved_eta,warning_high_nk_not_converged;requires_triangle_or_contour_integration,ok,normal-state FS-adaptive BZ integration prototype only | uniform midpoint mesh baseline | adaptive sampling changes quadrature only and does not alter the Kubo formula | not a Casimir calculation
uniform,48,0.0002,2,0.03248658104386831,1,4,2304,0,0,0.0,(13.467798519682349+0j),(13.467798519682303+0j),(2.3516105588108457e-15+0j),(2.2941478436691076e-15+0j),0.0,0.0,(1.7146558049895714e-15+0j),2.43937310400969e-16,3.4293116099791427e-15,(0.003278243715418463+0j),(1.2350137831860153+0j),0.26053822370981494,0.3322528530519029,0.003017480734237518,0.0004668978528986863,0,320,48,2.554164868259167,0.001913420195709059,warning_fs_underresolved_eta,warning_high_nk_not_converged;requires_triangle_or_contour_integration,ok,normal-state FS-adaptive BZ integration prototype only | uniform midpoint mesh baseline | adaptive sampling changes quadrature only and does not alter the Kubo formula | not a Casimir calculation
uniform,64,0.0001,1,0.016243290521934156,1,4,4096,0,0,0.0,(11.719826149966735+0j),(11.719826149966666+0j),(6.31713120273713e-17+0j),(-5.1537277821594973e-17+0j),0.0,0.0,(2.955586364939663e-15+0j),6.956360082804383e-18,5.911172729879326e-15,(0.0028527636766897215+0j),(1.0747225547367483+0j),0.6766071663700852,0.33396660509763537,0.005984745673515048,0.0004953915282692246,0,248,28,1.8142066107299586,0.0010472986220496638,warning_fs_underresolved_eta,warning_high_nk_not_converged;requires_triangle_or_contour_integration,ok,normal-state FS-adaptive BZ integration prototype only | uniform midpoint mesh baseline | adaptive sampling changes quadrature only and does not alter the Kubo formula | not a Casimir calculation
uniform,64,0.0001,2,0.03248658104386831,1,4,4096,0,0,0.0,(5.970741364628451+0j),(5.970741364628452+0j),(-1.466035488054095e-17+0j),(1.3200252833522679e-17+0j),0.0,0.0,(-7.437756598885898e-17+0j),3.304021870481831e-18,1.4875513197771796e-16,(0.0014533589380904947+0j),(0.547524368617369+0j),0.6731637571575593,0.33226327153714935,0.002964055424167677,0.0004953915282692246,0,528,28,1.8142066107299586,0.0010472986220496638,warning_fs_underresolved_eta,warning_high_nk_not_converged;requires_triangle_or_contour_integration,ok,normal-state FS-adaptive BZ integration prototype only | uniform midpoint mesh baseline | adaptive sampling changes quadrature only and does not alter the Kubo formula | not a Casimir calculation
uniform,64,0.0002,1,0.016243290521934156,1,4,4096,0,0,0.0,(11.649685971121373+0j),(11.649685971121212+0j),(7.674996147473126e-17+0j),(-4.315602253848655e-17+0j),0.0,0.0,(6.937889690165784e-15+0j),7.558239363987168e-18,1.3875779380331569e-14,(0.0028356906116180918+0j),(1.0682906135770582+0j),0.6765858360317173,0.33395605407985907,0.005984745673515048,0.0004953915282692246,0,248,28,1.8142066107299586,0.0010472986220496638,warning_fs_underresolved_eta,warning_high_nk_not_converged;requires_triangle_or_contour_integration,ok,normal-state FS-adaptive BZ integration prototype only | uniform midpoint mesh baseline | adaptive sampling changes quadrature only and does not alter the Kubo formula | not a Casimir calculation
uniform,64,0.0002,2,0.03248658104386831,1,4,4096,0,0,0.0,(5.953043756300322+0j),(5.953043756300318+0j),(-1.0270351230341392e-17+0j),(-1.027035123034134e-17+0j),0.0,0.0,(3.7299340306382517e-16+0j),2.4398392813612693e-18,7.459868061276504e-16,(0.001449051101646785+0j),(0.5459014760427047+0j),0.6731426963409267,0.3322528530519029,0.002964055424167677,0.0004953915282692246,0,528,28,1.8142066107299586,0.0010472986220496638,warning_fs_underresolved_eta,warning_high_nk_not_converged;requires_triangle_or_contour_integration,ok,normal-state FS-adaptive BZ integration prototype only | uniform midpoint mesh baseline | adaptive sampling changes quadrature only and does not alter the Kubo formula | not a Casimir calculation
uniform,80,0.0001,1,0.016243290521934156,1,4,6400,0,0,0.0,(24.137194107587035+0j),(24.137194107586968+0j),(5.3572487291073927e-17+0j),(4.836831686172351e-17+0j),0.0,0.0,(1.3982892874029605e-15+0j),2.9902773153854904e-18,2.7965785748059205e-15,(0.005875318432733656+0j),(2.213410556056444+0j),0.33396660509763537,0.33396660509763537,0.006034558860269496,0.00044702772014132295,0,496,84,2.3250503321416405,0.0006766629009145042,warning_fs_underresolved_eta,warning_high_nk_not_converged;requires_triangle_or_contour_integration,ok,normal-state FS-adaptive BZ integration prototype only | uniform midpoint mesh baseline | adaptive sampling changes quadrature only and does not alter the Kubo formula | not a Casimir calculation
uniform,80,0.0001,2,0.03248658104386831,1,4,6400,0,0,0.0,(12.198412485229774+0j),(12.198412485229786+0j),(-1.8606268070655384e-17+0j),(3.863960663659189e-17+0j),0.0,0.0,(-5.096768899583381e-16+0j),3.5157066450090106e-18,1.0193537799166762e-15,(0.002969258042384926+0j),(1.1186095136655247+0j),0.33226327153714935,0.33226327153714935,0.0030127432877704538,0.00044702772014132295,0,968,84,2.3250503321416405,0.0006766629009145042,warning_fs_underresolved_eta,warning_high_nk_not_converged;requires_triangle_or_contour_integration,ok,normal-state FS-adaptive BZ integration prototype only | uniform midpoint mesh baseline | adaptive sampling changes quadrature only and does not alter the Kubo formula | not a Casimir calculation
uniform,80,0.0002,1,0.016243290521934156,1,4,6400,0,0,0.0,(23.99153678902305+0j),(23.99153678902261+0j),(8.827202581823197e-17+0j),(-1.9226619997516985e-17+0j),0.0,0.0,(9.181081229711527e-15+0j),3.7655632201258946e-18,1.836216245942305e-14,(0.005839863477828498+0j),(2.2000535997739794+0j),0.33395605407985907,0.33395605407985907,0.006034558860269496,0.00044702772014132295,0,496,84,2.3250503321416405,0.0006766629009145042,warning_fs_underresolved_eta,warning_high_nk_not_converged;requires_triangle_or_contour_integration,ok,normal-state FS-adaptive BZ integration prototype only | uniform midpoint mesh baseline | adaptive sampling changes quadrature only and does not alter the Kubo formula | not a Casimir calculation
uniform,80,0.0002,2,0.03248658104386831,1,4,6400,0,0,0.0,(12.161661799893443+0j),(12.161661799893395+0j),(-2.8153426302056745e-17+0j),(1.1200323543418635e-18+0j),0.0,0.0,(1.9718372148873225e-15+0j),2.316763709786555e-18,3.943674429774645e-15,(0.0029603124301480726+0j),(1.1152394303615927+0j),0.3322528530519029,0.3322528530519029,0.0030127432877704538,0.00044702772014132295,0,968,84,2.3250503321416405,0.0006766629009145042,warning_fs_underresolved_eta,warning_high_nk_not_converged;requires_triangle_or_contour_integration,ok,normal-state FS-adaptive BZ integration prototype only | uniform midpoint mesh baseline | adaptive sampling changes quadrature only and does not alter the Kubo formula | not a Casimir calculation
uniform,96,0.0001,1,0.016243290521934156,1,4,9216,0,0,0.0,(36.24021601968676+0j),(36.24021601968615+0j),(-3.089769405135617e-14+0j),(-3.0975763384009635e-14+0j),0.0,0.0,(8.430782427203824e-15+0j),1.2072548389574238e-15,1.7449758977235822e-14,(0.008821357123684365+0j),(3.323272636173015+0j),0.0,0.33396660509763537,0.006050304588614755,1.306450173448188e-05,16,740,144,2.652094196911352,0.0004730798488900845,ok,warning_high_nk_not_converged;requires_triangle_or_contour_integration,ok,normal-state FS-adaptive BZ integration prototype only | uniform midpoint mesh baseline | adaptive sampling changes quadrature only and does not alter the Kubo formula | not a Casimir calculation
uniform,96,0.0001,2,0.03248658104386831,1,4,9216,0,0,0.0,(18.268296418726095+0j),(18.268296418725733+0j),(-1.5655884024516168e-14+0j),(-1.5633468144393083e-14+0j),0.0,0.0,(9.918187961582362e-15+0j),1.211110125876778e-15,1.9447427375651696e-14,(0.004446749618251858+0j),(1.6752253784820197+0j),0.0,0.33226327153714935,0.0030282987222974705,1.306450173448188e-05,16,1384,144,2.652094196911352,0.0004730798488900845,ok,warning_high_nk_not_converged;requires_triangle_or_contour_integration,ok,normal-state FS-adaptive BZ integration prototype only | uniform midpoint mesh baseline | adaptive sampling changes quadrature only and does not alter the Kubo formula | not a Casimir calculation
uniform,96,0.0002,1,0.016243290521934156,1,4,9216,0,0,0.0,(36.02095167441046+0j),(36.020951674409325+0j),(-3.085208166967454e-14+0j),(-3.083516800990455e-14+0j),0.0,0.0,(1.578065437432373e-14+0j),1.2109473007553678e-15,3.235034146736363e-14,(0.008767985226201128+0j),(3.3031658244931594+0j),0.0,0.33395605407985907,0.006050304588614755,1.306450173448188e-05,16,740,144,2.652094196911352,0.0004730798488900845,ok,warning_high_nk_not_converged;requires_triangle_or_contour_integration,ok,normal-state FS-adaptive BZ integration prototype only | uniform midpoint mesh baseline | adaptive sampling changes quadrature only and does not alter the Kubo formula | not a Casimir calculation
uniform,96,0.0002,2,0.03248658104386831,1,4,9216,0,0,0.0,(18.212974560022715+0j),(18.212974560022182+0j),(-1.5464832904955746e-14+0j),(-1.5470474144369926e-14+0j),0.0,0.0,(1.462987416096787e-14+0j),1.2010430083390251e-15,2.8869618344309935e-14,(0.004433283532064529+0j),(1.6701522956088022+0j),0.0,0.3322528530519029,0.0030282987222974705,1.306450173448188e-05,16,1384,144,2.652094196911352,0.0004730798488900845,ok,warning_high_nk_not_converged;requires_triangle_or_contour_integration,ok,normal-state FS-adaptive BZ integration prototype only | uniform midpoint mesh baseline | adaptive sampling changes quadrature only and does not alter the Kubo formula | not a Casimir calculation
multishift_average,48,0.0001,1,0.016243290521934156,1,4,36864,0,0,0.0,(25.280788851757507+0j),(25.280788851757446+0j),(9.256484467812243e-15+0j),(9.256484467812243e-15+0j),12.743480197598588,0.5040776327164597,(1.1945064866005927e-15+0j),5.178100236918016e-16,2.3890129732011853e-15,(0.006153684809954367+0j),(2.3182796086611104+0j),0.03145440217934254,0.05217163654518744,0.006036683356964177,1.306450173448188e-05,24,2664,496,2.3111243708777165,0.0007028688739278838,ok,warning_high_nk_not_converged;requires_triangle_or_contour_integration,ok,normal-state FS-adaptive BZ integration prototype only | multi-shift average control | adaptive sampling changes quadrature only and does not alter the Kubo formula | not a Casimir calculation
multishift_average,48,0.0001,2,0.03248658104386831,1,4,36864,0,0,0.0,(12.771961835061994+0j),(12.77196183506202+0j),(4.649058915617843e-15+0j),(4.628242233906121e-15+0j),6.391173928566498,0.5004065946252082,(-1.0431190186403494e-15+0j),5.136297111430013e-16,2.0862380372806988e-15,(0.003108867685996833+0j),(1.1712046984943572+0j),0.031219784782297498,0.05178016773679967,0.003014838720055029,1.306450173448188e-05,24,5396,496,2.3111243708777165,0.0007028688739278838,ok,warning_high_nk_not_converged;requires_triangle_or_contour_integration,ok,normal-state FS-adaptive BZ integration prototype only | multi-shift average control | adaptive sampling changes quadrature only and does not alter the Kubo formula | not a Casimir calculation
multishift_average,48,0.0002,1,0.016243290521934156,1,4,36864,0,0,0.0,(25.128176734445177+0j),(25.12817673444507+0j),(9.145462165349727e-15+0j),(9.145462165349727e-15+0j),12.66597916669504,0.504054842519982,(2.1207549495207843e-15+0j),5.147065290526418e-16,4.2415098990415685e-15,(0.006116536963278112+0j),(2.3042848887307166+0j),0.03145294536314533,0.05216920568595838,0.006036683356964177,1.306450173448188e-05,32,2664,496,2.3111243708777165,0.0007028688739278838,ok,warning_high_nk_not_converged;requires_triangle_or_contour_integration,ok,normal-state FS-adaptive BZ integration prototype only | multi-shift average control | adaptive sampling changes quadrature only and does not alter the Kubo formula | not a Casimir calculation
multishift_average,48,0.0002,2,0.03248658104386831,1,4,36864,0,0,0.0,(12.733456429990584+0j),(12.733456429990571+0j),(4.586608870482678e-15+0j),(4.579669976578771e-15+0j),6.371620296784887,0.5003841911908595,(4.882609032420805e-16+0j),5.090165285262649e-16,9.765218064841607e-16,(0.003099494951321562+0j),(1.167673705220226+0j),0.031218353244629574,0.05177777928350427,0.003014838720055029,1.306450173448188e-05,32,5396,496,2.3111243708777165,0.0007028688739278838,ok,warning_high_nk_not_converged;requires_triangle_or_contour_integration,ok,normal-state FS-adaptive BZ integration prototype only | multi-shift average control | adaptive sampling changes quadrature only and does not alter the Kubo formula | not a Casimir calculation
multishift_average,64,0.0001,1,0.016243290521934156,1,4,65536,0,0,0.0,(22.668170804350005+0j),(22.668170804349934+0j),(-2.761679773755077e-15+0j),(-2.706168622523819e-15+0j),15.5912959314811,0.6878056489890725,(1.5672696793509e-15+0j),1.7057185416764938e-16,3.1345393587018e-15,(0.0055177383572222755+0j),(2.0786993020480216+0j),0.07514022989537314,0.05217163654518744,0.006031534363551698,4.732111210301998e-05,40,4788,764,2.2345249790455837,0.00038819925279219515,ok,warning_high_nk_not_converged;requires_triangle_or_contour_integration,ok,normal-state FS-adaptive BZ integration prototype only | multi-shift average control | adaptive sampling changes quadrature only and does not alter the Kubo formula | not a Casimir calculation
multishift_average,64,0.0001,2,0.03248658104386831,1,4,65536,0,0,0.0,(11.461612220570053+0j),(11.461612220570023+0j),(-1.2628786905111156e-15+0j),(-1.2698175844150228e-15+0j),7.819498334788216,0.6822337193326635,(1.3173568294174224e-15+0j),1.562514415507515e-16,2.634713658834845e-15,(0.002789910925362837+0j),(1.0510440180145457+0j),0.07457903178920429,0.05178016773679967,0.0030097658204002783,4.732111210301998e-05,40,9628,764,2.2345249790455837,0.00038819925279219515,ok,warning_high_nk_not_converged;requires_triangle_or_contour_integration,ok,normal-state FS-adaptive BZ integration prototype only | multi-shift average control | adaptive sampling changes quadrature only and does not alter the Kubo formula | not a Casimir calculation
multishift_average,64,0.0002,1,0.016243290521934156,1,4,65536,0,0,0.0,(22.53144695318471+0j),(22.531446953184638+0j),(-2.581268532253489e-15+0j),(-2.5673907444456745e-15+0j),15.496476460503924,0.6877710292065186,(1.5767800826028832e-15+0j),1.615815052307027e-16,3.1535601652057664e-15,(0.005484457928711602+0j),(2.066161555776228+0j),0.07513674514638555,0.05216920568595838,0.006031534363551698,4.732111210301998e-05,68,4788,764,2.2345249790455837,0.00038819925279219515,ok,warning_high_nk_not_converged;requires_triangle_or_contour_integration,ok,normal-state FS-adaptive BZ integration prototype only | multi-shift average control | adaptive sampling changes quadrature only and does not alter the Kubo formula | not a Casimir calculation
multishift_average,64,0.0002,2,0.03248658104386831,1,4,65536,0,0,0.0,(11.4271154518619+0j),(11.42711545186189+0j),(-1.5126788710517758e-15+0j),(-1.4988010832439613e-15+0j),7.795575232579383,0.6821997437077785,(3.8862756897910247e-16+0j),1.8635153523379834e-16,7.772551379582049e-16,(0.0027815139468177186+0j),(1.0478806216533894+0j),0.07457560769978594,0.05177777928350427,0.0030097658204002783,4.732111210301998e-05,68,9628,764,2.2345249790455837,0.00038819925279219515,ok,warning_high_nk_not_converged;requires_triangle_or_contour_integration,ok,normal-state FS-adaptive BZ integration prototype only | multi-shift average control | adaptive sampling changes quadrature only and does not alter the Kubo formula | not a Casimir calculation
multishift_average,80,0.0001,1,0.016243290521934156,1,4,102400,0,0,0.0,(23.231127496842713+0j),(23.231127496842735+0j),(-1.3877787807814457e-16+0j),(-1.8041124150158794e-16+0j),5.347555907533479,0.23018925397659898,(-4.587870751365821e-16+0j),9.797744150875483e-18,9.175741502731643e-16,(0.005654769605241014+0j),(2.1303231270962826+0j),0.05217163654518744,0.05217163654518744,0.0060327303074467105,1.0817194391438303e-05,48,7428,1180,2.257748607801047,0.0002498498418871224,ok,warning_high_nk_not_converged;requires_triangle_or_contour_integration,ok,normal-state FS-adaptive BZ integration prototype only | multi-shift average control | adaptive sampling changes quadrature only and does not alter the Kubo formula | not a Casimir calculation
multishift_average,80,0.0001,2,0.03248658104386831,1,4,102400,0,0,0.0,(11.74398289058348+0j),(11.74398289058349+0j),(2.0816681711721685e-16+0j),(1.942890293094024e-16+0j),2.682031848755907,0.22837497923352773,(-4.537702896752076e-16+0j),2.42463226932784e-17,9.075405793504155e-16,(0.0028586437530062855+0j),(1.0769377577318724+0j),0.05178016773679967,0.05178016773679967,0.003010943414054176,1.0817194391438303e-05,48,15064,1180,2.257748607801047,0.0002498498418871224,ok,warning_high_nk_not_converged;requires_triangle_or_contour_integration,ok,normal-state FS-adaptive BZ integration prototype only | multi-shift average control | adaptive sampling changes quadrature only and does not alter the Kubo formula | not a Casimir calculation
multishift_average,80,0.0002,1,0.016243290521934156,1,4,102400,0,0,0.0,(23.090980369916352+0j),(23.090980369916302+0j),(-1.6653345369377348e-16+0j),(-1.249000902703301e-16+0j),5.315035299464263,0.2301779835380596,(1.0770004284445036e-15+0j),9.015070550595733e-18,2.1540008568890072e-15,(0.005620655905261848+0j),(2.117471462202794+0j),0.05216920568595838,0.05216920568595838,0.0060327303074467105,1.0817194391438303e-05,80,7428,1180,2.257748607801047,0.0002498498418871224,ok,warning_high_nk_not_converged;requires_triangle_or_contour_integration,ok,normal-state FS-adaptive BZ integration prototype only | multi-shift average control | adaptive sampling changes quadrature only and does not alter the Kubo formula | not a Casimir calculation
multishift_average,80,0.0002,2,0.03248658104386831,1,4,102400,0,0,0.0,(11.708622422644313+0j),(11.708622422644288+0j),(-2.220446049250313e-16+0j),(-2.220446049250313e-16+0j),2.6738268482792025,0.2283639143669078,(1.0619949492737609e-15+0j),2.681942250776214e-17,2.1239898985475217e-15,(0.002850036538425044+0j),(1.0736951590828834+0j),0.05177777928350427,0.05177777928350427,0.003010943414054176,1.0817194391438303e-05,80,15064,1180,2.257748607801047,0.0002498498418871224,ok,warning_high_nk_not_converged;requires_triangle_or_contour_integration,ok,normal-state FS-adaptive BZ integration prototype only | multi-shift average control | adaptive sampling changes quadrature only and does not alter the Kubo formula | not a Casimir calculation
multishift_average,96,0.0001,1,0.016243290521934156,1,4,147456,0,0,0.0,(24.509846289222438+0j),(24.50984628922228+0j),(5.691844565114401e-15+0j),(5.715480172474585e-15+0j),8.660589888484568,0.35335145664674505,(3.1889102857401416e-15+0j),3.29100961965905e-16,6.377820571480283e-15,(0.005966026997366389+0j),(2.2475832220628043+0j),0.0,0.05217163654518744,0.006035279490829876,5.411602588695278e-06,72,10716,1844,2.2958509694221045,0.00017548891599823572,ok,warning_high_nk_not_converged;requires_triangle_or_contour_integration,ok,normal-state FS-adaptive BZ integration prototype only | multi-shift average control | adaptive sampling changes quadrature only and does not alter the Kubo formula | not a Casimir calculation
multishift_average,96,0.0001,2,0.03248658104386831,1,4,147456,0,0,0.0,(12.385295572813611+0j),(12.385295572813568+0j),(2.9343931798320178e-15+0j),(2.923225897455417e-15+0j),4.343538115146846,0.35070120770320135,(1.7210959518474009e-15+0j),3.34426390869773e-16,3.4421919036948017e-15,(0.0030147479052228922+0j),(1.1357469239611342+0j),0.0,0.05178016773679967,0.0030134547049158068,5.411602588695278e-06,72,21648,1844,2.2958509694221045,0.00017548891599823572,ok,warning_high_nk_not_converged;requires_triangle_or_contour_integration,ok,normal-state FS-adaptive BZ integration prototype only | multi-shift average control | adaptive sampling changes quadrature only and does not alter the Kubo formula | not a Casimir calculation
multishift_average,96,0.0002,1,0.016243290521934156,1,4,147456,0,0,0.0,(24.3619225165897+0j),(24.36192251658958+0j),(5.298712857371157e-15+0j),(5.29177396346725e-15+0j),8.607919889458527,0.35333499987929134,(2.4791201309535734e-15+0j),3.073898067513228e-16,4.958240261907147e-15,(0.005930020356987447+0j),(2.2340184291387555+0j),0.0,0.05216920568595838,0.006035279490829876,5.411602588695278e-06,144,10716,1844,2.2958509694221045,0.00017548891599823572,ok,warning_high_nk_not_converged;requires_triangle_or_contour_integration,ok,normal-state FS-adaptive BZ integration prototype only | multi-shift average control | adaptive sampling changes quadrature only and does not alter the Kubo formula | not a Casimir calculation
multishift_average,96,0.0002,2,0.03248658104386831,1,4,147456,0,0,0.0,(12.347973045597943+0j),(12.347973045597954+0j),(2.7721965348281863e-15+0j),(2.777075444604371e-15+0j),4.3302493919922735,0.35068503761724756,(-4.3157451822431414e-16+0j),3.1777922978874724e-16,8.631490364486283e-16,(0.003005663098963763+0j),(1.1323244020495298+0j),0.0,0.05177777928350427,0.0030134547049158068,5.411602588695278e-06,144,21648,1844,2.2958509694221045,0.00017548891599823572,ok,warning_high_nk_not_converged;requires_triangle_or_contour_integration,ok,normal-state FS-adaptive BZ integration prototype only | multi-shift average control | adaptive sampling changes quadrature only and does not alter the Kubo formula | not a Casimir calculation
fs_adaptive,48,0.0001,1,0.016243290521934156,4,4,8604,420,6720,0.18229166666666666,(23.469565356606523+0j),(23.46956535660634+0j),(3.21471408560322e-15+0j),(3.2871323866800104e-15+0j),0.0,0.0,(3.935759109523164e-15+0j),1.9590413496737257e-16,7.871518219046327e-15,(0.005712808594623443+0j),(2.1521881737712327+0j),0.10199420934617252,0.012998603546690617,0.006033237413979892,7.894140965752001e-05,8,2696,464,2.2758558528794284,0.00035839482793897925,ok,high_nk_converged;fs_adaptive_improves_convergence;requires_triangle_or_contour_integration,ok,normal-state FS-adaptive BZ integration prototype only | FS-adaptive weighted mesh diagnostic; fs_window_eV=0.0162433; weight_sum=1 | adaptive sampling changes quadrature only and does not alter the Kubo formula | not a Casimir calculation
fs_adaptive,48,0.0001,2,0.03248658104386831,4,4,11724,628,10048,0.2725694444444444,(11.863641254701632+0j),(11.86364125470147+0j),(2.118588572679727e-15+0j),(2.1873127000497096e-15+0j),0.0,0.0,(6.8127680580935315e-15+0j),2.566766560474709e-16,1.3625536116187063e-14,(0.002887770211914496+0j),(1.0879105777323674+0j),0.10106821609747377,0.012861384065816142,0.003011441035082891,7.894140965752001e-05,8,5432,464,2.276078746573375,0.0002809593790054077,ok,high_nk_converged;fs_adaptive_improves_convergence;requires_triangle_or_contour_integration,ok,normal-state FS-adaptive BZ integration prototype only | FS-adaptive weighted mesh diagnostic; fs_window_eV=0.0324866; weight_sum=1 | adaptive sampling changes quadrature only and does not alter the Kubo formula | not a Casimir calculation
fs_adaptive,48,0.0002,1,0.016243290521934156,4,4,8604,420,6720,0.18229166666666666,(23.3279678968072+0j),(23.32796789680706+0j),(2.0429544900120126e-15+0j),(2.092793749809792e-15+0j),0.0,0.0,(2.9697364572458857e-15+0j),1.2537002695154172e-16,5.939472914491771e-15,(0.005678341864071455+0j),(2.1392035115593107+0j),0.10198875187965055,0.012997904139894116,0.006033237413979892,7.894140965752001e-05,32,2696,464,2.2758558528794284,0.00035839482793897925,ok,high_nk_converged;fs_adaptive_improves_convergence;requires_triangle_or_contour_integration,ok,normal-state FS-adaptive BZ integration prototype only | FS-adaptive weighted mesh diagnostic; fs_window_eV=0.0162433; weight_sum=1 | adaptive sampling changes quadrature only and does not alter the Kubo formula | not a Casimir calculation
fs_adaptive,48,0.0002,2,0.03248658104386831,4,4,11724,628,10048,0.2725694444444444,(11.827914598601721+0j),(11.827914598601785+0j),(2.0477661449413234e-15+0j),(1.922651941095351e-15+0j),0.0,0.0,(-2.7033018240581814e-15+0j),2.3748084116877426e-16,5.406603648116363e-15,(0.0028790738621984465+0j),(1.0846343991760834+0j),0.10106287039323622,0.012860698793427893,0.003011441035082891,7.894140965752001e-05,32,5432,464,2.276078746573375,0.0002809593790054077,ok,high_nk_converged;fs_adaptive_improves_convergence;requires_triangle_or_contour_integration,ok,normal-state FS-adaptive BZ integration prototype only | FS-adaptive weighted mesh diagnostic; fs_window_eV=0.0324866; weight_sum=1 | adaptive sampling changes quadrature only and does not alter the Kubo formula | not a Casimir calculation
fs_adaptive,64,0.0001,1,0.016243290521934156,4,4,15856,784,12544,0.19140625,(24.20189260347496+0j),(24.201892603475397+0j),(-1.206233355035607e-14+0j),(-1.2259035564773963e-14+0j),0.0,0.0,(-9.027884505811636e-15+0j),7.106207664216122e-16,1.805576901162327e-14,(0.005891066918815598+0j),(2.219343488157872+0j),0.13638003512237384,0.012998603546690617,0.006034715310466769,2.0338797128772475e-05,16,4800,844,2.290060257470712,0.00019925002373466505,ok,high_nk_converged;fs_adaptive_improves_convergence;requires_triangle_or_contour_integration,ok,normal-state FS-adaptive BZ integration prototype only | FS-adaptive weighted mesh diagnostic; fs_window_eV=0.0162433; weight_sum=1 | adaptive sampling changes quadrature only and does not alter the Kubo formula | not a Casimir calculation
fs_adaptive,64,0.0001,2,0.03248658104386831,4,4,19276,1012,16192,0.2470703125,(12.23095839516012+0j),(12.23095839516025+0j),(-6.1978518119285275e-15+0j),(-6.2134582748547046e-15+0j),0.0,0.0,(-5.3010583916110185e-15+0j),7.1753399696265755e-16,1.0602116783222037e-14,(0.00297718015560453+0j),(1.1215940138636504+0j),0.13515903357110323,0.012861384065816142,0.003012897879411745,2.0338797128772475e-05,16,9656,844,2.290397480782466,0.0001662747041357715,ok,high_nk_converged;fs_adaptive_improves_convergence;requires_triangle_or_contour_integration,ok,normal-state FS-adaptive BZ integration prototype only | FS-adaptive weighted mesh diagnostic; fs_window_eV=0.0324866; weight_sum=1 | adaptive sampling changes quadrature only and does not alter the Kubo formula | not a Casimir calculation
fs_adaptive,64,0.0002,1,0.016243290521934156,4,4,15856,784,12544,0.19140625,(24.055841071638497+0j),(24.05584107163842+0j),(-1.1549765197642808e-14+0j),(-1.1497506070593754e-14+0j),0.0,0.0,(1.6245472503092055e-15+0j),6.774622283127923e-16,2.953722273289465e-15,(0.005855516007085637+0j),(2.205950382030701+0j),0.136372717727306,0.012997904139894116,0.006034715310466769,2.0338797128772475e-05,56,4800,844,2.290060257470712,0.00019925002373466505,ok,high_nk_converged;fs_adaptive_improves_convergence;requires_triangle_or_contour_integration,ok,normal-state FS-adaptive BZ integration prototype only | FS-adaptive weighted mesh diagnostic; fs_window_eV=0.0162433; weight_sum=1 | adaptive sampling changes quadrature only and does not alter the Kubo formula | not a Casimir calculation
fs_adaptive,64,0.0002,2,0.03248658104386831,4,4,19276,1012,16192,0.2470703125,(12.19410776654817+0j),(12.194107766548147+0j),(-6.072421453575449e-15+0j),(-6.123501285704073e-15+0j),0.0,0.0,(9.468769406628016e-16+0j),7.072182298538754e-16,2.039427256812188e-15,(0.002968210215827082+0j),(1.1182147656377197+0j),0.13515186361822748,0.012860698793427893,0.003012897879411745,2.0338797128772475e-05,56,9656,844,2.290397480782466,0.0001662747041357715,ok,high_nk_converged;fs_adaptive_improves_convergence;requires_triangle_or_contour_integration,ok,normal-state FS-adaptive BZ integration prototype only | FS-adaptive weighted mesh diagnostic; fs_window_eV=0.0324866; weight_sum=1 | adaptive sampling changes quadrature only and does not alter the Kubo formula | not a Casimir calculation
fs_adaptive,80,0.0001,1,0.016243290521934156,4,4,19900,900,14400,0.140625,(21.57419406604323+0j),(21.574194066043642+0j),(5.486852140754029e-16+0j),(4.4200014381788297e-16+0j),0.0,0.0,(-9.551105025737752e-15+0j),3.265802185367597e-17,1.9102210051475504e-14,(0.005251449671515626+0j),(1.9783802819558192+0j),0.012998603546690617,0.012998603546690617,0.006029001183345425,1.5892400014796637e-06,40,7544,1184,2.2134081662154648,0.00015245745661074395,ok,high_nk_converged;fs_adaptive_improves_convergence;requires_triangle_or_contour_integration,ok,normal-state FS-adaptive BZ integration prototype only | FS-adaptive weighted mesh diagnostic; fs_window_eV=0.0162433; weight_sum=1 | adaptive sampling changes quadrature only and does not alter the Kubo formula | not a Casimir calculation
fs_adaptive,80,0.0001,2,0.03248658104386831,4,4,27400,1400,22400,0.21875,(10.91324218211168+0j),(10.913242182111489+0j),(-2.7357496369108414e-16+0j),(-2.5021232676022326e-16+0j),0.0,0.0,(8.789621610784549e-15+0j),3.397173600833155e-17,1.75792432215691e-14,(0.002656430265574771+0j),(1.0007578071841279+0j),0.012861384065816142,0.012861384065816142,0.0030072751523603676,1.5892400014796637e-06,40,15120,1184,2.213932345902423,0.00011422455476139959,ok,high_nk_converged;fs_adaptive_improves_convergence;requires_triangle_or_contour_integration,ok,normal-state FS-adaptive BZ integration prototype only | FS-adaptive weighted mesh diagnostic; fs_window_eV=0.0324866; weight_sum=1 | adaptive sampling changes quadrature only and does not alter the Kubo formula | not a Casimir calculation
fs_adaptive,80,0.0002,1,0.016243290521934156,4,4,19900,900,14400,0.140625,(21.44412322448933+0j),(21.444123224488433+0j),(2.84817284984704e-16+0j),(2.727826677533144e-16+0j),0.0,0.0,(2.0957643064419348e-14+0j),1.8390797587841387e-17,4.19152861288387e-14,(0.00521978867523178+0j),(1.9664526248948004+0j),0.012997904139894116,0.012997904139894116,0.006029001183345425,1.5892400014796637e-06,80,7544,1184,2.2134081662154648,0.00015245745661074395,ok,high_nk_converged;fs_adaptive_improves_convergence;requires_triangle_or_contour_integration,ok,normal-state FS-adaptive BZ integration prototype only | FS-adaptive weighted mesh diagnostic; fs_window_eV=0.0162433; weight_sum=1 | adaptive sampling changes quadrature only and does not alter the Kubo formula | not a Casimir calculation
fs_adaptive,80,0.0002,2,0.03248658104386831,4,4,27400,1400,22400,0.21875,(10.880423060065725+0j),(10.880423060065613+0j),(-3.2784086688530224e-16+0j),(-3.175949536967741e-16+0j),0.0,0.0,(5.142744921976423e-15+0j),4.1951452080926796e-17,1.0285489843952844e-14,(0.00264844164884313+0j),(0.9977482530970525+0j),0.012860698793427893,0.012860698793427893,0.0030072751523603676,1.5892400014796637e-06,80,15120,1184,2.213932345902423,0.00011422455476139959,ok,high_nk_converged;fs_adaptive_improves_convergence;requires_triangle_or_contour_integration,ok,normal-state FS-adaptive BZ integration prototype only | FS-adaptive weighted mesh diagnostic; fs_window_eV=0.0324866; weight_sum=1 | adaptive sampling changes quadrature only and does not alter the Kubo formula | not a Casimir calculation
fs_adaptive,96,0.0001,1,0.016243290521934156,4,4,26916,1180,18880,0.12803819444444445,(21.29735815084847+0j),(21.297358150848577+0j),(6.984463722277462e-15+0j),(7.015905161792136e-15+0j),0.0,0.0,(-2.5022213931207385e-15+0j),4.648360924037457e-16,5.004442786241478e-15,(0.0051840640778075655+0j),(1.9529940861015538+0j),0.0,0.012998603546690617,0.006028314913345008,3.3066356890155854e-06,72,10784,1640,2.201428334993255,0.00010832361323687145,ok,high_nk_converged;fs_adaptive_improves_convergence;requires_triangle_or_contour_integration,ok,normal-state FS-adaptive BZ integration prototype only | FS-adaptive weighted mesh diagnostic; fs_window_eV=0.0162433; weight_sum=1 | adaptive sampling changes quadrature only and does not alter the Kubo formula | not a Casimir calculation
fs_adaptive,96,0.0001,2,0.03248658104386831,4,4,37716,1900,30400,0.20616319444444445,(10.774665076383773+0j),(10.774665076383704+0j),(3.2249047305806394e-15+0j),(3.1960921617987688e-15+0j),0.0,0.0,(3.2148524453189437e-15+0j),4.213937159733229e-16,6.429704890637888e-15,(0.002622698729920337+0j),(0.988050115176568+0j),0.0,0.012861384065816142,0.0030066006157864456,3.3066356890155854e-06,72,21820,1640,2.20175674894825,7.898599308675536e-05,ok,high_nk_converged;fs_adaptive_improves_convergence;requires_triangle_or_contour_integration,ok,normal-state FS-adaptive BZ integration prototype only | FS-adaptive weighted mesh diagnostic; fs_window_eV=0.0324866; weight_sum=1 | adaptive sampling changes quadrature only and does not alter the Kubo formula | not a Casimir calculation
fs_adaptive,96,0.0002,1,0.016243290521934156,4,4,26916,1180,18880,0.12803819444444445,(21.16897096909286+0j),(21.168970969093255+0j),(6.519003760353297e-15+0j),(6.680388372076056e-15+0j),0.0,0.0,(-9.314369104729107e-15+0j),4.409320274571864e-16,1.8628738209458217e-14,(0.005152812907015582+0j),(1.9412208227266332+0j),0.0,0.012997904139894116,0.006028314913345008,3.3066356890155854e-06,120,10784,1640,2.201428334993255,0.00010832361323687145,ok,high_nk_converged;fs_adaptive_improves_convergence;requires_triangle_or_contour_integration,ok,normal-state FS-adaptive BZ integration prototype only | FS-adaptive weighted mesh diagnostic; fs_window_eV=0.0162433; weight_sum=1 | adaptive sampling changes quadrature only and does not alter the Kubo formula | not a Casimir calculation
fs_adaptive,96,0.0002,2,0.03248658104386831,4,4,37716,1900,30400,0.20616319444444445,(10.742269961730225+0j),(10.742269961729914+0j),(3.66461093572703e-15+0j),(3.601111421023807e-15+0j),0.0,0.0,(1.446912282052622e-14+0j),4.782823156906778e-16,2.893824564105245e-14,(0.0026148133223039363+0j),(0.9850794430918504+0j),0.0,0.012860698793427893,0.0030066006157864456,3.3066356890155854e-06,120,21820,1640,2.20175674894825,7.898599308675536e-05,ok,high_nk_converged;fs_adaptive_improves_convergence;requires_triangle_or_contour_integration,ok,normal-state FS-adaptive BZ integration prototype only | FS-adaptive weighted mesh diagnostic; fs_window_eV=0.0324866; weight_sum=1 | adaptive sampling changes quadrature only and does not alter the Kubo formula | not a Casimir calculation
fs_adaptive,48,0.0001,1,0.016243290521934156,6,4,17004,420,15120,0.18229166666666666,(22.867816372682373+0j),(22.867816372681883+0j),(1.0624243846348683e-14+0j),(1.0731938877662918e-14+0j),0.0,0.0,(1.0719748656460058e-14+0j),6.603732243855574e-16,2.1750214665281274e-14,(0.005566334779921966+0j),(2.0970070476147633+0j),0.0040808076710051695,0.014234216538128655,0.006031992564323627,5.832557721642675e-06,64,6008,1008,2.2426793742019355,0.00015593633595717762,ok,high_nk_converged;fs_adaptive_improves_convergence;requires_triangle_or_contour_integration,ok,normal-state FS-adaptive BZ integration prototype only | FS-adaptive weighted mesh diagnostic; fs_window_eV=0.0162433; weight_sum=1 | adaptive sampling changes quadrature only and does not alter the Kubo formula | not a Casimir calculation
fs_adaptive,48,0.0001,2,0.03248658104386831,6,4,24284,628,22608,0.2725694444444444,(11.561934838410306+0j),(11.561934838410137+0j),(3.84912264174853e-15+0j),(3.767367047250849e-15+0j),0.0,0.0,(7.297822643940263e-15+0j),4.658374087837614e-16,1.4595645287880522e-14,(0.0028143308029670716+0j),(1.0602437261640953+0j),0.00411881714488918,0.014069389016495128,0.003010215635466535,5.832557721642675e-06,64,12304,1008,2.2429300235120593,0.00012620582436317918,ok,high_nk_converged;fs_adaptive_improves_convergence;requires_triangle_or_contour_integration,ok,normal-state FS-adaptive BZ integration prototype only | FS-adaptive weighted mesh diagnostic; fs_window_eV=0.0324866; weight_sum=1 | adaptive sampling changes quadrature only and does not alter the Kubo formula | not a Casimir calculation
fs_adaptive,48,0.0002,1,0.016243290521934156,6,4,17004,420,15120,0.18229166666666666,(22.729877874360035+0j),(22.729877874360223+0j),(8.293272789422998e-15+0j),(8.556111817959332e-15+0j),0.0,0.0,(-4.141989367853725e-15+0j),5.242335088951017e-16,8.28397873570745e-15,(0.00553275868991894+0j),(2.0843579166962165+0j),0.004080630296374306,0.014233505590615859,0.006031992564323627,5.832557721642675e-06,72,6008,1008,2.2426793742019355,0.00015593633595717762,ok,high_nk_converged;fs_adaptive_improves_convergence;requires_triangle_or_contour_integration,ok,normal-state FS-adaptive BZ integration prototype only | FS-adaptive weighted mesh diagnostic; fs_window_eV=0.0162433; weight_sum=1 | adaptive sampling changes quadrature only and does not alter the Kubo formula | not a Casimir calculation
fs_adaptive,48,0.0002,2,0.03248658104386831,6,4,24284,628,22608,0.2725694444444444,(11.527130921383478+0j),(11.527130921383462+0j),(4.538474718544881e-15+0j),(4.5419436402373485e-15+0j),0.0,0.0,(6.934601360753648e-16+0j),5.570185599371933e-16,1.3869202721507297e-15,(0.002805859060380605+0j),(1.0570521639221908+0j),0.0041186379595750345,0.01406869283403033,0.003010215635466535,5.832557721642675e-06,72,12304,1008,2.2429300235120593,0.00012620582436317918,ok,high_nk_converged;fs_adaptive_improves_convergence;requires_triangle_or_contour_integration,ok,normal-state FS-adaptive BZ integration prototype only | FS-adaptive weighted mesh diagnostic; fs_window_eV=0.0324866; weight_sum=1 | adaptive sampling changes quadrature only and does not alter the Kubo formula | not a Casimir calculation
fs_adaptive,64,0.0001,1,0.016243290521934156,6,4,31536,784,28224,0.19140625,(21.297893861804916+0j),(21.297893861804628+0j),(6.543245535580184e-16+0j),(7.363971227679542e-16+0j),0.0,0.0,(6.755827826218096e-15+0j),4.625338393827408e-17,1.3511655652436194e-14,(0.005184194477076138+0j),(1.953043211458905+0j),0.07245270350798343,0.014234216538128655,0.006028327888211125,3.3066356885090474e-06,72,10784,1640,2.2013893037111893,8.60285114944459e-05,ok,high_nk_converged;fs_adaptive_improves_convergence;requires_triangle_or_contour_integration,ok,normal-state FS-adaptive BZ integration prototype only | FS-adaptive weighted mesh diagnostic; fs_window_eV=0.0162433; weight_sum=1 | adaptive sampling changes quadrature only and does not alter the Kubo formula | not a Casimir calculation
fs_adaptive,64,0.0001,2,0.03248658104386831,6,4,39516,1012,36432,0.2470703125,(10.774628634196311+0j),(10.774628634196334+0j),(6.614753944060296e-16+0j),(6.749195006339908e-16+0j),0.0,0.0,(-1.0716211062213437e-15+0j),8.770805386357792e-17,2.1432422124426874e-15,(0.002622689859400642+0j),(0.988046773382901+0j),0.07193302340706562,0.014069389016495128,0.00300661085965292,3.3066356885090474e-06,72,21820,1640,2.201756655807726,7.025121998205375e-05,ok,high_nk_converged;fs_adaptive_improves_convergence;requires_triangle_or_contour_integration,ok,normal-state FS-adaptive BZ integration prototype only | FS-adaptive weighted mesh diagnostic; fs_window_eV=0.0324866; weight_sum=1 | adaptive sampling changes quadrature only and does not alter the Kubo formula | not a Casimir calculation
fs_adaptive,64,0.0002,1,0.016243290521934156,6,4,31536,784,28224,0.19140625,(21.169503174277637+0j),(21.169503174277903+0j),(1.1794851627629457e-15+0j),(1.0534991233146762e-15+0j),0.0,0.0,(-6.293334418773577e-15+0j),7.47050814888223e-17,1.2586668837547154e-14,(0.005152942452932069+0j),(1.9412696266003857+0j),0.07244911852131598,0.014233505590615859,0.006028327888211125,3.3066356885090474e-06,120,10784,1640,2.2013893037111893,8.60285114944459e-05,ok,high_nk_converged;fs_adaptive_improves_convergence;requires_triangle_or_contour_integration,ok,normal-state FS-adaptive BZ integration prototype only | FS-adaptive weighted mesh diagnostic; fs_window_eV=0.0162433; weight_sum=1 | adaptive sampling changes quadrature only and does not alter the Kubo formula | not a Casimir calculation
fs_adaptive,64,0.0002,2,0.03248658104386831,6,4,39516,1012,36432,0.2470703125,(10.74223351873601+0j),(10.742233518735599+0j),(1.4481496480745362e-15+0j),(1.3956596679447148e-15+0j),0.0,0.0,(1.909930691721494e-14+0j),1.8722543649529548e-16,3.819861383442988e-14,(0.002614804451587866+0j),(0.9850761012242029+0j),0.07192950084832044,0.01406869283403033,0.00300661085965292,3.3066356885090474e-06,120,21820,1640,2.201756655807726,7.025121998205375e-05,ok,high_nk_converged;fs_adaptive_improves_convergence;requires_triangle_or_contour_integration,ok,normal-state FS-adaptive BZ integration prototype only | FS-adaptive weighted mesh diagnostic; fs_window_eV=0.0324866; weight_sum=1 | adaptive sampling changes quadrature only and does not alter the Kubo formula | not a Casimir calculation
fs_adaptive,80,0.0001,1,0.016243290521934156,6,4,37900,900,32400,0.140625,(23.28835712910285+0j),(23.288357129102927+0j),(-1.433946316421686e-15+0j),(-1.4406140539047735e-15+0j),0.0,0.0,(-1.6780853303717326e-15+0j),8.728080678530218e-17,3.356170660743465e-15,(0.005668700069230233+0j),(2.135571155164466+0j),0.014234216538128655,0.014234216538128655,0.006032866332803172,1.277461486900625e-06,120,16920,2768,2.260730537251617,6.51894769960748e-05,ok,high_nk_converged;fs_adaptive_improves_convergence;requires_triangle_or_contour_integration,ok,normal-state FS-adaptive BZ integration prototype only | FS-adaptive weighted mesh diagnostic; fs_window_eV=0.0162433; weight_sum=1 | adaptive sampling changes quadrature only and does not alter the Kubo formula | not a Casimir calculation
fs_adaptive,80,0.0001,2,0.03248658104386831,6,4,55400,1400,50400,0.21875,(11.773095424719017+0j),(11.773095424718905+0j),(-5.227425680558803e-16+0j),(-5.598492949200645e-16+0j),0.0,0.0,(4.752806158660998e-15+0j),6.50599999088706e-17,9.505612317321995e-15,(0.0028657301362730275+0j),(1.0796074131227158+0j),0.014069389016495128,0.014069389016495128,0.003011079477006786,1.277461486900625e-06,120,33976,2768,2.261295417998109,4.8193602945167946e-05,ok,high_nk_converged;fs_adaptive_improves_convergence;requires_triangle_or_contour_integration,ok,normal-state FS-adaptive BZ integration prototype only | FS-adaptive weighted mesh diagnostic; fs_window_eV=0.0324866; weight_sum=1 | adaptive sampling changes quadrature only and does not alter the Kubo formula | not a Casimir calculation
fs_adaptive,80,0.0002,1,0.016243290521934156,6,4,37900,900,32400,0.140625,(23.147861583432388+0j),(23.147861583431485+0j),(-2.2110115103352763e-15+0j),(-2.331561252209978e-15+0j),0.0,0.0,(1.9491849628589704e-14+0j),1.3881260063194585e-16,3.89836992571794e-14,(0.005634501559431815+0j),(2.1226875398411686+0j),0.014233505590615859,0.014233505590615859,0.006032866332803172,1.277461486900625e-06,184,16920,2768,2.260730537251617,6.51894769960748e-05,ok,high_nk_converged;fs_adaptive_improves_convergence;requires_triangle_or_contour_integration,ok,normal-state FS-adaptive BZ integration prototype only | FS-adaptive weighted mesh diagnostic; fs_window_eV=0.0162433; weight_sum=1 | adaptive sampling changes quadrature only and does not alter the Kubo formula | not a Casimir calculation
fs_adaptive,80,0.0002,2,0.03248658104386831,6,4,55400,1400,50400,0.21875,(11.737645698704803+0j),(11.737645698704517+0j),(-2.0731596947094165e-16+0j),(-2.6347758823966097e-16+0j),0.0,0.0,(1.2182743391845687e-14+0j),2.8562935355083424e-17,2.4365486783691373e-14,(0.0028571011950730557+0j),(1.0763566293978375+0j),0.01406869283403033,0.01406869283403033,0.003011079477006786,1.277461486900625e-06,184,33976,2768,2.261295417998109,4.8193602945167946e-05,ok,high_nk_converged;fs_adaptive_improves_convergence;requires_triangle_or_contour_integration,ok,normal-state FS-adaptive BZ integration prototype only | FS-adaptive weighted mesh diagnostic; fs_window_eV=0.0324866; weight_sum=1 | adaptive sampling changes quadrature only and does not alter the Kubo formula | not a Casimir calculation
fs_adaptive,96,0.0001,1,0.016243290521934156,6,4,50516,1180,42480,0.12803819444444445,(22.96151791111196+0j),(22.961517911112356+0j),(5.50303384791025e-15+0j),(5.366804744909865e-15+0j),0.0,0.0,(-8.587220145319975e-15+0j),3.347662039015921e-16,1.7174440290639954e-14,(0.005589142997540674+0j),(2.1055995945924413+0j),0.0,0.014234216538128655,0.006032169591414145,1.5786980604329897e-06,136,24228,3920,2.25020485551342,4.628328392099201e-05,ok,high_nk_converged;fs_adaptive_improves_convergence;requires_triangle_or_contour_integration,ok,normal-state FS-adaptive BZ integration prototype only | FS-adaptive weighted mesh diagnostic; fs_window_eV=0.0162433; weight_sum=1 | adaptive sampling changes quadrature only and does not alter the Kubo formula | not a Casimir calculation
fs_adaptive,96,0.0001,2,0.03248658104386831,6,4,75716,1900,68400,0.20616319444444445,(11.609753289306234+0j),(11.60975328930611+0j),(2.269524428383824e-15+0j),(2.353017734876968e-15+0j),0.0,0.0,(5.35519470825244e-15+0j),2.815877279587091e-16,1.071038941650488e-14,(0.0028259704585426675+0j),(1.0646287372600638+0j),0.0,0.014069389016495128,0.0030103950202150804,1.5786980604329897e-06,136,48832,3920,2.2505767532508143,3.348905596811669e-05,ok,high_nk_converged;fs_adaptive_improves_convergence;requires_triangle_or_contour_integration,ok,normal-state FS-adaptive BZ integration prototype only | FS-adaptive weighted mesh diagnostic; fs_window_eV=0.0324866; weight_sum=1 | adaptive sampling changes quadrature only and does not alter the Kubo formula | not a Casimir calculation
fs_adaptive,96,0.0002,1,0.016243290521934156,6,4,50516,1180,42480,0.12803819444444445,(22.82301014099584+0j),(22.82301014099475+0j),(4.885678505401636e-15+0j),(4.877170185177905e-15+0j),0.0,0.0,(2.389437441980188e-14+0j),3.024745242523684e-16,4.7788748839603767e-14,(0.005555428339108844+0j),(2.0928982607462467+0j),0.0,0.014233505590615859,0.006032169591414145,1.5786980604329897e-06,272,24228,3920,2.25020485551342,4.628328392099201e-05,ok,high_nk_converged;fs_adaptive_improves_convergence;requires_triangle_or_contour_integration,ok,normal-state FS-adaptive BZ integration prototype only | FS-adaptive weighted mesh diagnostic; fs_window_eV=0.0162433; weight_sum=1 | adaptive sampling changes quadrature only and does not alter the Kubo formula | not a Casimir calculation
fs_adaptive,96,0.0002,2,0.03248658104386831,6,4,75716,1900,68400,0.20616319444444445,(11.57480334581818+0j),(11.574803345818628+0j),(2.444048710117901e-15+0j),(2.42927640261861e-15+0j),0.0,0.0,(-1.933691269539285e-14+0j),2.9771365981829826e-16,3.86738253907857e-14,(0.0028174631711469955+0j),(1.0614237842110381+0j),0.0,0.01406869283403033,0.0030103950202150804,1.5786980604329897e-06,272,48832,3920,2.2505767532508143,3.348905596811669e-05,ok,high_nk_converged;fs_adaptive_improves_convergence;requires_triangle_or_contour_integration,ok,normal-state FS-adaptive BZ integration prototype only | FS-adaptive weighted mesh diagnostic; fs_window_eV=0.0324866; weight_sum=1 | adaptive sampling changes quadrature only and does not alter the Kubo formula | not a Casimir calculation
fs_adaptive,48,0.0001,1,0.016243290521934156,8,4,28764,420,26880,0.18229166666666666,(21.2975146122248+0j),(21.297514612224806+0j),(-9.61838868344934e-16+0j),(-1.0659561615305463e-15+0j),0.0,0.0,(-1.6681353404313376e-16+0j),6.741427172806519e-17,3.336270680862675e-16,(0.005184102162615777+0j),(1.9530084338032974+0j),0.06151368348768384,0.007683731956582679,0.006028343507521924,3.3066356890155854e-06,72,10784,1640,2.201486827845292,8.602851149439733e-05,ok,high_nk_converged;fs_adaptive_improves_convergence;requires_triangle_or_contour_integration,ok,normal-state FS-adaptive BZ integration prototype only | FS-adaptive weighted mesh diagnostic; fs_window_eV=0.0162433; weight_sum=1 | adaptive sampling changes quadrature only and does not alter the Kubo formula | not a Casimir calculation
fs_adaptive,48,0.0001,2,0.03248658104386831,8,4,41868,628,40192,0.2725694444444444,(10.7745731515062+0j),(10.774573151505951+0j),(1.858955233939389e-15+0j),(1.8626415219074514e-15+0j),0.0,0.0,(1.1540594417017487e-14+0j),2.442386864733945e-16,2.3081188834034976e-14,(0.002622676354165922+0j),(0.9880416855515888+0j),0.06108970284606014,0.00755396897037265,0.0030066261135196317,3.3066356890155854e-06,72,21820,1640,2.2017568618404693,7.013848146653068e-05,ok,high_nk_converged;fs_adaptive_improves_convergence;requires_triangle_or_contour_integration,ok,normal-state FS-adaptive BZ integration prototype only | FS-adaptive weighted mesh diagnostic; fs_window_eV=0.0324866; weight_sum=1 | adaptive sampling changes quadrature only and does not alter the Kubo formula | not a Casimir calculation
fs_adaptive,48,0.0002,1,0.016243290521934156,8,4,28764,420,26880,0.18229166666666666,(21.16912587828584+0j),(21.169125878286298+0j),(-9.319769141022329e-16+0j),(-8.721281435569449e-16+0j),0.0,0.0,(-1.0824728125296837e-14+0j),6.029519973942511e-17,2.1649456250593674e-14,(0.005152850614001441+0j),(1.9412350280912434+0j),0.06151062076025735,0.007683342776503187,0.006028343507521924,3.3066356890155854e-06,120,10784,1640,2.201486827845292,8.602851149439733e-05,ok,high_nk_converged;fs_adaptive_improves_convergence;requires_triangle_or_contour_integration,ok,normal-state FS-adaptive BZ integration prototype only | FS-adaptive weighted mesh diagnostic; fs_window_eV=0.0162433; weight_sum=1 | adaptive sampling changes quadrature only and does not alter the Kubo formula | not a Casimir calculation
fs_adaptive,48,0.0002,2,0.03248658104386831,8,4,41868,628,40192,0.2725694444444444,(10.742178038506854+0j),(10.742178038506427+0j),(8.768511791494339e-16+0j),(9.02113129292076e-16+0j),0.0,0.0,(1.984353824372693e-14+0j),1.1711261393609026e-16,3.968707648745386e-14,(0.002614790946952176+0j),(0.9850710136185634+0j),0.06108669207030235,0.007553589530190367,0.0030066261135196317,3.3066356890155854e-06,120,21820,1640,2.2017568618404693,7.013848146653068e-05,ok,high_nk_converged;fs_adaptive_improves_convergence;requires_triangle_or_contour_integration,ok,normal-state FS-adaptive BZ integration prototype only | FS-adaptive weighted mesh diagnostic; fs_window_eV=0.0324866; weight_sum=1 | adaptive sampling changes quadrature only and does not alter the Kubo formula | not a Casimir calculation
fs_adaptive,64,0.0001,1,0.016243290521934156,8,4,53488,784,50176,0.19140625,(22.522455241839175+0j),(22.522455241840213+0j),(1.8006244046178545e-15+0j),(1.771435649255473e-15+0j),0.0,0.0,(-2.3030179948645095e-14+0j),1.1215083726513913e-16,4.606035989729019e-14,(0.005482269224955285+0j),(2.065337004723587+0j),0.007536022696541204,0.007683731956582679,0.006031218944106373,1.0359115729126433e-05,56,19136,2944,2.237340223846293,4.761979557033058e-05,ok,high_nk_converged;fs_adaptive_improves_convergence;requires_triangle_or_contour_integration,ok,normal-state FS-adaptive BZ integration prototype only | FS-adaptive weighted mesh diagnostic; fs_window_eV=0.0162433; weight_sum=1 | adaptive sampling changes quadrature only and does not alter the Kubo formula | not a Casimir calculation
fs_adaptive,64,0.0001,2,0.03248658104386831,8,4,67852,1012,64768,0.2470703125,(11.388901964744633+0j),(11.388901964744335+0j),(1.4205971619751635e-15+0j),(1.4469174394216142e-15+0j),0.0,0.0,(1.3101699792616376e-14+0j),1.7804389207316084e-16,2.6203399585232752e-14,(0.0027722122689077524+0j),(1.0443763976167397+0j),0.007556292243405054,0.00755396897037265,0.0030094555320525876,1.0359115729126433e-05,56,38632,2944,2.237722603824384,3.9101533879384864e-05,ok,high_nk_converged;fs_adaptive_improves_convergence;requires_triangle_or_contour_integration,ok,normal-state FS-adaptive BZ integration prototype only | FS-adaptive weighted mesh diagnostic; fs_window_eV=0.0324866; weight_sum=1 | adaptive sampling changes quadrature only and does not alter the Kubo formula | not a Casimir calculation
fs_adaptive,64,0.0002,1,0.016243290521934156,8,4,53488,784,50176,0.19140625,(22.386617383116807+0j),(22.386617383118068+0j),(3.1858198109383317e-15+0j),(3.1647322904418264e-15+0j),0.0,0.0,(-2.8168913024915157e-14+0j),2.0059051955234185e-16,5.6337826049830314e-14,(0.005449204458949044+0j),(2.052880505054734+0j),0.007535654898747899,0.007683342776503187,0.006031218944106373,1.0359115729126433e-05,176,19136,2944,2.237340223846293,4.761979557033058e-05,ok,high_nk_converged;fs_adaptive_improves_convergence;requires_triangle_or_contour_integration,ok,normal-state FS-adaptive BZ integration prototype only | FS-adaptive weighted mesh diagnostic; fs_window_eV=0.0162433; weight_sum=1 | adaptive sampling changes quadrature only and does not alter the Kubo formula | not a Casimir calculation
fs_adaptive,64,0.0002,2,0.03248658104386831,8,4,67852,1012,64768,0.2470703125,(11.354627570722828+0j),(11.354627570722503+0j),(5.470679738142779e-16+0j),(5.641865093163966e-16+0j),0.0,0.0,(1.4314573489333586e-14+0j),6.921132413209168e-17,2.862914697866718e-14,(0.002763869419359064+0j),(1.041233393289387+0j),0.007555926319483954,0.007553589530190367,0.0030094555320525876,1.0359115729126433e-05,176,38632,2944,2.237722603824384,3.9101533879384864e-05,ok,high_nk_converged;fs_adaptive_improves_convergence;requires_triangle_or_contour_integration,ok,normal-state FS-adaptive BZ integration prototype only | FS-adaptive weighted mesh diagnostic; fs_window_eV=0.0324866; weight_sum=1 | adaptive sampling changes quadrature only and does not alter the Kubo formula | not a Casimir calculation
fs_adaptive,80,0.0001,1,0.016243290521934156,8,4,63100,900,57600,0.140625,(22.86784434492593+0j),(22.867844344926105+0j),(-3.987114119927113e-15+0j),(-3.9695492510770824e-15+0j),0.0,0.0,(-3.806282910523889e-15+0j),2.460321248313042e-16,7.612565821047778e-15,(0.005566341588743133+0j),(2.097009612704097+0j),0.007683731956582679,0.007683731956582679,0.006031971182480649,4.485602385564227e-06,220,29920,4816,2.247536975270434,3.552251530962447e-05,ok,high_nk_converged;fs_adaptive_improves_convergence;requires_triangle_or_contour_integration,ok,normal-state FS-adaptive BZ integration prototype only | FS-adaptive weighted mesh diagnostic; fs_window_eV=0.0162433; weight_sum=1 | adaptive sampling changes quadrature only and does not alter the Kubo formula | not a Casimir calculation
fs_adaptive,80,0.0001,2,0.03248658104386831,8,4,94600,1400,89600,0.21875,(11.562301505978466+0j),(11.562301505978924+0j),(-1.833094023482109e-15+0j),(-1.868872595964156e-15+0j),0.0,0.0,(-1.9818721399380758e-14+0j),2.2640889892569847e-16,3.9637442798761515e-14,(0.0028144200547961075+0j),(1.0602773500336433+0j),0.00755396897037265,0.00755396897037265,0.0030101985942091723,4.485602385564227e-06,220,60332,4816,2.2481198242115745,2.6487359618063144e-05,ok,high_nk_converged;fs_adaptive_improves_convergence;requires_triangle_or_contour_integration,ok,normal-state FS-adaptive BZ integration prototype only | FS-adaptive weighted mesh diagnostic; fs_window_eV=0.0324866; weight_sum=1 | adaptive sampling changes quadrature only and does not alter the Kubo formula | not a Casimir calculation
fs_adaptive,80,0.0002,1,0.016243290521934156,8,4,63100,900,57600,0.140625,(22.729906166831885+0j),(22.729906166831203+0j),(-2.6639428305061824e-15+0j),(-2.6415287505368747e-15+0j),0.0,0.0,(1.500492393860113e-14+0j),1.6504988554249754e-16,3.000984787720226e-14,(0.005532765576687991+0j),(2.0843605111508814+0j),0.007683342776503187,0.007683342776503187,0.006031971182480649,4.485602385564227e-06,396,29920,4816,2.247536975270434,3.552251530962447e-05,ok,high_nk_converged;fs_adaptive_improves_convergence;requires_triangle_or_contour_integration,ok,normal-state FS-adaptive BZ integration prototype only | FS-adaptive weighted mesh diagnostic; fs_window_eV=0.0162433; weight_sum=1 | adaptive sampling changes quadrature only and does not alter the Kubo formula | not a Casimir calculation
fs_adaptive,80,0.0002,2,0.03248658104386831,8,4,94600,1400,89600,0.21875,(11.527496682239347+0j),(11.527496682239535+0j),(-2.025177978182672e-15+0j),(-1.9989466120416538e-15+0j),0.0,0.0,(-8.1671602329122e-15+0j),2.4684858455695754e-16,1.6334320465824397e-14,(0.002805948091503646+0j),(1.0570857046451003+0j),0.007553589530190367,0.007553589530190367,0.0030101985942091723,4.485602385564227e-06,396,60332,4816,2.2481198242115745,2.6487359618063144e-05,ok,high_nk_converged;fs_adaptive_improves_convergence;requires_triangle_or_contour_integration,ok,normal-state FS-adaptive BZ integration prototype only | FS-adaptive weighted mesh diagnostic; fs_window_eV=0.0324866; weight_sum=1 | adaptive sampling changes quadrature only and does not alter the Kubo formula | not a Casimir calculation
fs_adaptive,96,0.0001,1,0.016243290521934156,8,4,83556,1180,75520,0.12803819444444445,(22.693473775272995+0j),(22.693473775271833+0j),(-7.35506386058617e-15+0j),(-7.235856625785708e-15+0j),0.0,0.0,(2.5596287824247352e-14+0j),4.546541991861008e-16,5.1192575648494704e-14,(0.0055238974414473984+0j),(2.0810196157800527+0j),0.0,0.007683731956582679,0.006031587299429252,7.743356918479647e-06,224,43188,6748,2.2425600419167564,2.5113768654771995e-05,ok,high_nk_converged;fs_adaptive_improves_convergence;requires_triangle_or_contour_integration,ok,normal-state FS-adaptive BZ integration prototype only | FS-adaptive weighted mesh diagnostic; fs_window_eV=0.0162433; weight_sum=1 | adaptive sampling changes quadrature only and does not alter the Kubo formula | not a Casimir calculation
fs_adaptive,96,0.0001,2,0.03248658104386831,8,4,128916,1900,121600,0.20616319444444445,(11.475615065855056+0j),(11.475615065855187+0j),(-2.7683561588408764e-15+0j),(-2.8520583657132107e-15+0j),0.0,0.0,(-5.727379550519252e-15+0j),3.463582469289544e-16,1.1454759101038505e-14,(0.0027933194066737544+0j),(1.0523280962479353+0j),0.0,0.00755396897037265,0.003009823132302321,7.743356918479647e-06,224,87080,6748,2.242955564418408,1.862743614572393e-05,ok,high_nk_converged;fs_adaptive_improves_convergence;requires_triangle_or_contour_integration,ok,normal-state FS-adaptive BZ integration prototype only | FS-adaptive weighted mesh diagnostic; fs_window_eV=0.0324866; weight_sum=1 | adaptive sampling changes quadrature only and does not alter the Kubo formula | not a Casimir calculation
fs_adaptive,96,0.0002,1,0.016243290521934156,8,4,83556,1180,75520,0.12803819444444445,(22.556596107070128+0j),(22.55659610707062+0j),(-3.666228299563408e-15+0j),(-3.758712842606351e-15+0j),0.0,0.0,(-1.094640341586112e-14+0j),2.3277596839469196e-16,2.189280683172224e-14,(0.005490579571796215+0j),(2.068467764295651+0j),0.0,0.007683342776503187,0.006031587299429252,7.743356918479647e-06,456,43188,6748,2.2425600419167564,2.5113768654771995e-05,ok,high_nk_converged;fs_adaptive_improves_convergence;requires_triangle_or_contour_integration,ok,normal-state FS-adaptive BZ integration prototype only | FS-adaptive weighted mesh diagnostic; fs_window_eV=0.0162433; weight_sum=1 | adaptive sampling changes quadrature only and does not alter the Kubo formula | not a Casimir calculation
fs_adaptive,96,0.0002,2,0.03248658104386831,8,4,128916,1900,121600,0.20616319444444445,(11.441075494172448+0j),(11.4410754941723+0j),(-2.6581008715872806e-15+0j),(-2.6585078249953783e-15+0j),0.0,0.0,(6.5209767467064035e-15+0j),3.2858887044290244e-16,1.3041953493412807e-14,(0.0027849120093076385+0j),(1.0491607748010765+0j),0.0,0.007553589530190367,0.003009823132302321,7.743356918479647e-06,456,87080,6748,2.242955564418408,1.862743614572393e-05,ok,high_nk_converged;fs_adaptive_improves_convergence;requires_triangle_or_contour_integration,ok,normal-state FS-adaptive BZ integration prototype only | FS-adaptive weighted mesh diagnostic; fs_window_eV=0.0324866; weight_sum=1 | adaptive sampling changes quadrature only and does not alter the Kubo formula | not a Casimir calculation
